idUSER,Id,Password,Name,Gender,Address,Birth,PhoneNumber,FK_TypeName,UserScore
1,manager,manager0000,관리자,M,,0,010-9315-0025,관리자,29
2,hwayoung,hwayoung12345,이화영,W,서울특별시 성북구 안암동,19820516,010-7655-0068,제출자,0
3,yeonsoo,yeonsoo09876,노연수,W,충청남도 서천군 종천면,19670401,010-3376-0075,평가자,42
4,coldbrew,00coffee00,나커피,W,경상남도 창원시 진해구 웅천동,19631111,010-4022-0042,평가자,46
5,aeney120,hwa424212345,화사이,W,충청북도 보은군 속리산면,19660801,010-2309-0053,평가자,75
6,soo9494,soo949412345,수구사,W,인천광역시 동구 송림3·5동,19571211,010-8103-0056,평가자,42
7,1004record,cold100412345,콜드천사,W,강원도 강릉시 교2동,19830101,010-8925-0087,제출자,0
8,21csjqueen,0207bymin0207,John,W,충청북도 충주시 주덕읍,19831201,010-4721-0021,제출자,0
9,123inja,0509ay1200509,William,W,경상남도 합천군 합천읍,19730806,010-3443-0043,평가자,0
10,2002yeo,063puman063p,James,W,경기도 수원시 팔달구 지동,19700105,010-0690-0056,평가자,22
11,7412dnjs,1004recordueen1004,George,W,전라북도 김제시 금구면,19600328,010-9958-0031,평가자,0
12,74impbang,1009chueen1009,Charles,W,경상북도 예천군 감천면,19680310,010-7026-0008,평가자,85
13,77jeongsuk,1029bongud601029,Frank,W,경기도 이천시 창전동,19530815,010-7026-0019,평가자,70
14,agape4530,10yhlovetaeg10yh,Joseph,W,광주광역시 동구 계림1동,19640310,010-1690-0019,제출자,46
15,aajungych,2057yyysins2057,Henry,W,전라남도 고흥군 도양읍,19730203,010-1563-0059,제출자,0
16,key6747,21csjqueensgh921cs,Robert,W,경상북도 울진군 평해읍,19690511,010-4523-0044,평가자,0
17,kmj829,21sjqueensg4221sj,Thomas,W,서울특별시 광진구 구의3동,19370317,010-0319-0062,제출자,71
18,kongtaeg,1105soosdl61105,Edward,W,경상남도 밀양시 단장면,19740201,010-9158-0099,평가자,85
19,lovepooh13,123injasch1123i,Harry,W,전라북도 전주시덕진구 팔복동,19850821,010-2717-0075,평가자,31
20,nooo0416,1318khjs1231318,Walter,W,대구광역시 달서구 용산2동,19570501,010-7316-0047,평가자,75
21,peh0202,160625earanrud61606,Arthur,W,강원도 고성군 수동면,19751201,010-8406-0077,제출자,0
22,person1974,1988sg42rtop1988,Fred,W,전라남도 나주시 문평면,19540301,010-2631-0028,제출자,42
23,jwyoon97,2002yeorkms2002,Albert,W,서울특별시 성동구 금호4가동,19691006,010-3541-0015,평가자,0
24,sinsun1020,2019jhjrdal2019,Samuel,W,경상남도 함안군 가야읍,19510701,010-7955-0068,평가자,85
25,dajung,300humanpers300h,Clarence,W,충청남도 당진시 당진1동,19860801,010-7049-0093,제출자,0
26,bangke,32go6096peiz32go,Louis,W,대전광역시 중구 유천1동,19540902,010-0737-0087,평가자,75
27,bongke,37powerdalpeh037po,David,M,,19670205,010-7298-0045,제출자,25
28,arankh,510kjmov30510k,Joe,W,전라북도 고창군 신림면,19670401,010-6899-0062,제출자,41
29,ajmmkmj,6327048kilosk06327,Charlie,W,제주특별자치도 제주시 조천읍,19670126,010-8863-0089,평가자,0
30,ajd9kon,6k5tyiorkm6k5t,Richard,W,광주광역시 광산구 우산동,19620917,010-4948-0045,제출자,87
31,aje0kon,6k5ubfon976k5u,Ernest,M,서울특별시 강남구 도곡2동,19470801,010-2028-0036,평가자,0
32,aj22love,6k5uelon126k5u,Roy,W,서울특별시 중랑구 면목본동,19600502,010-0371-0011,제출자,63
33,aierlovep,7412dnjsoh137412,Will,W,강원도 영월군 상동읍,19630801,010-8255-0002,제출자,75
34,aid3lp,74impbangnsik74im,Andrew,W,서울특별시 광진구 능동,19580901,010-3229-0065,제출자,0
35,ahtsno,7610kshnotc7610,Jesse,W,경기도 성남시 분당구 수내1동,19690224,010-5927-0053,평가자,42
36,af02perso,777annnooo777a,Oscar,W,울산광역시 울주군 삼동면,19650804,010-7860-0002,평가자,0
37,ueen1004r,77jeongsukmoom77je,Willie,W,충청남도 금산군 부리면,19580101,010-9071-0005,평가자,71
38,ud60102,a3046mehia304,Daniel,W,부산광역시 부산진구 가야2동,19640601,010-0245-0011,평가자,87
39,taeg10y,a980509ma86a980,Benjamin,W,전라북도 김제시 용지면,19620901,010-6097-0089,평가자,33
40,sdl611,8612ljhlpea8612,Carl,W,경기도 안양시 동안구 관양2동,19650124,010-7085-0092,제출자,56
41,sch112,88hanlove88ha,Sam,W,서울특별시 동대문구 청량리동,19720601,010-2236-0012,제출자,0
42,s12313,93himehilove93hi,Alfred,W,서울특별시 은평구 증산동,19611101,010-1746-0057,제출자,47
43,rud6160625,a006162lovea006,Earl,M,전라남도 곡성군 석곡면,19701214,010-2335-0087,제출자,74
44,rtop198,a1757konga175,Peter,W,경기도 안양시 만안구 안양1동,19720301,010-3511-0074,제출자,41
45,pers20,a22740konga227,Elmer,M,경상남도 창원시마산합포구 현동,19681104,010-1511-0045,제출자,84
46,rdal20,a98110378komoa981,Frederick,W,경기도 안양시 동안구 달안동,19740603,010-2716-0099,평가자,0
47,sins20,aaaaa0728kmjnaaaa,Howard,W,경기도 용인시 기흥구 구성동,19580102,010-6855-0015,제출자,0
48,sgh921csj,aajungychkmjaaaju,Lewis,W,부산광역시 동구 초량2동,19591007,010-3813-0034,평가자,94
49,sg4221sj,abc5354541kmjaabc5,Ralph,W,대구광역시 동구 신암4동,19650901,010-2947-0019,평가자,42
50,peiz300,abcd179kmj8abcd,Herbert,W,충청북도 청주시상당구 금천동,19520301,010-1204-0096,제출자,85
51,peh032g,acciyaki19acci,Paul,W,인천광역시 옹진군 백령면,19791101,010-4395-0023,평가자,85
52,pdud37pow,ace3838khyoace3,Lee,M,경상남도 함양군 서상면,19640301,010-5334-0021,제출자,41
53,ov305,adminkey6admi,Tom,M,경상북도 김천시 아포읍,19460626,010-4484-0023,제출자,0
54,on126,ady1225kes0ady1,Herman,W,,19811105,010-7284-0075,제출자,0
55,on976,aek222k222aek2,Martin,W,전라북도 전주시완산구 효자2동,19770401,010-4346-0085,제출자,41
56,orkm6,aeney120k079aene,Jacob,M,대전광역시 중구 대사동,19760110,010-5099-0025,제출자,42
57,osk063270,aera5415jwyoaera,Michael,M,경상북도 경산시 하양읍,19701222,010-8806-0073,평가자,0
58,nooo7,af0223jungaf02,Jim,M,세종특별자치시  종촌종,19921002,010-1332-0029,평가자,26
59,oh13741,agape4530jjy4agap,Claude,W,,19821001,010-4646-0044,제출자,87
60,nsik74im,agh6737jjscagh6,Ben,W,경기도 안양시 동안구 귀인동,19490114,010-4481-0032,평가자,55
61,notc76,ahh06620805jgnuahh0,Eugene,W,충청북도 청주시서원구 수곡2동,19500101,010-8068-0010,제출자,42
62,moom77jeo,ahn11111jd97ahn1,Francis,W,전라남도 고흥군 금산면,19620101,010-6187-0028,평가자,58
63,lpea86,ahrfus123j829ahrf,Grover,M,전라북도 진안군 부귀면,19640201,010-2182-0021,평가자,0
64,love93h,ahtsksdl6injaahts,Raymond,W,부산광역시 부산진구 전포2동,19420315,010-4299-0019,평가자,85
65,es76a,ai4250h987ai42,Harvey,M,강원도 화천군 간동면,19940801,010-0635-0008,제출자,0
66,gsuka,aid333gychaid3,Clyde,W,,19650101,010-9351-0055,평가자,0
67,gycha,aierhefenggsukaier,Edwin,W,서울특별시 관악구 중앙동,19430421,010-9334-0095,제출자,66
68,jjy4a,aj2238fengaj22,Edgar,W,서울특별시 은평구 갈현1동,19850427,010-2256-0007,제출자,74
69,k079a,ajd97es76ajd9,Ed,M,전라북도 김제시 요촌동,19631201,010-5640-0006,제출자,0
70,khyoa,aje0225dnjsaje0,Lawrence,M,경기도 용인시 처인구 양지면,19590806,010-0443-0032,평가자,0
71,konga,ajgnudminajgn,Bert,W,대구광역시 달서구 월성2동,19800613,010-2518-0001,평가자,75
72,lovea0,ajmma86dajuajmm,Chester,W,부산광역시 부산진구 부암1동,19820101,010-8812-0085,평가자,0
73,ma86a9,ajnad333ajna,Jack,M,충청남도 천안시동남구 목천읍,19680901,010-4588-0021,평가자,47
74,kmjna981,akfrdmf1213d179akfr,Otto,M,서울특별시 중구 약수동,19661001,010-6297-0043,제출자,42
75,kmjaaaaa,jjsch1crowjjsc,Luther,M,충청북도 청주시상당구 가덕면,19651006,010-4248-0093,평가자,0
76,kmjaaaju,jjy4228cordjjy4,Charley,W,경기도 수원시 영통구 매탄1동,19400426,010-8694-0060,평가자,75
77,ki19ab,kes0426ciyakes0,Guy,M,경기도 군포시 산본2동,19640301,010-2459-0039,평가자,0
78,kmj8abc53,key6747cho9key6,Floyd,W,충청남도 보령시 주포면,19610525,010-7299-0042,평가자,86
79,key6ac,khyon12bongkhyo,Ira,W,경기도 의정부시 가능3동,19740101,010-7977-0038,평가자,0
80,k222ad,ki1942bangki19,Ray,M,서울특별시 성동구 성수2가3동,19710113,010-1989-0096,평가자,42
81,jwyoaen,kmj829arankmj8,Hugh,W,서울특별시 송파구 장지동,19740613,010-4635-0072,제출자,41
82,jungaer,kmjaakfrkmja,Isaac,W,부산광역시 남구 대연4동,19640901,010-0197-0074,평가자,42
83,jgnuag,kmjnov30ajnakmjn,Oliver,W,,19670201,010-7116-0020,평가자,73
84,jjscagap,komoomajnakomo,Patrick,W,충청북도 보은군 삼승면,19550901,010-4597-0023,평가자,42
85,jd97ahh066,kong1103ajmmkong,Homer,W,경기도 부천시 중4동,19640901,010-7348-0014,평가자,0
86,j829ahn,kongtaegajgnkong,Theodore,W,전라북도 부안군 위도면,19710301,010-2498-0001,평가자,0
87,injaahrf,lovelyminaje0love,Leonard,W,경기도 성남시 중원구 상대원2동,19741111,010-5447-0040,제출자,25
88,h987ahts,lovepooh13ajd9love,Leo,M,경상남도 창원시 의창구 북면,19791001,010-4278-0055,제출자,0
89,fengaierh,lpeachoaj22lpea,Alexander,W,서울특별시 용산구 서빙고동,19771012,010-9822-0030,평가자,0
90,d333aj,nooo0416aiernooo,August,W,부산광역시 수영구 민락동,19800501,010-2242-0071,제출자,0
91,dminaj,notcrowaid3notc,Harold,W,서울특별시 성북구 보문동,19560112,010-5544-0087,평가자,0
92,cordakfrdm,nsik0125ai42nsik,Allen,W,경상북도 문경시 산북면,19620101,010-2282-0055,평가자,0
93,achocho9,orkmsahtsorkm,Jessie,M,경기도 평택시 포승읍,19630101,010-4228-0086,평가자,0
94,ace3d,osk079ahrfosk0,Archie,M,충청남도 논산시 강경읍,19750401,010-7893-0024,제출자,84
95,ciyaj,peh0202ahn1peh0,Philip,M,부산광역시 부산진구 부전1동,19741201,010-1220-0056,제출자,0
96,cho9jj,peizes76ahh0peiz,Stephen,M,경상남도 함양군 마천면,19691006,010-0912-0023,제출자,0
97,admijwy,person1974agh6pers,Horace,M,경상남도 김해시 부원동,19620701,010-4087-0009,제출자,42
98,ajgnk,rtop33333agaprtop,Marion,M,경기도 수원시 권선구 평동,19711001,010-1733-0002,평가자,0
99,ajnak,rud60af02rud6,Bernard,W,경상북도 영천시 완산동,19560101,010-2014-0050,제출자,42
100,akfrk,sgh987aerasgh9,Anthony,W,,19850301,010-6969-0026,평가자,0
